date,high,low
2023-01-03,3906.75,3814.50
2023-01-04,3896.25,3836.50
2023-01-05,3885.50,3822.50
2023-01-06,3928.75,3819.00
2023-01-09,3973.25,3909.75
2023-01-10,3943.75,3891.50
2023-01-11,3992.50,3934.50
2023-01-12,4021.50,3954.00
2023-01-13,4024.25,3961.75
2023-01-17,4035.25,3996.75
2023-01-18,4033.50,3943.75
2023-01-19,3948.75,3901.75
2023-01-20,3990.50,3911.75
2023-01-23,4056.75,3980.25
2023-01-24,4047.50,4005.25
2023-01-25,4040.50,3963.25
2023-01-26,4077.00,4027.25
2023-01-27,4109.25,4057.25
2023-01-30,4086.00,4029.50
2023-01-31,4091.25,4007.50
2023-02-01,4163.25,4048.50
2023-02-02,4208.50,4136.75
2023-02-03,4194.00,4132.50
2023-02-06,4143.00,4104.00
2023-02-07,4188.25,4098.25
2023-02-08,4179.25,4121.25
2023-02-09,4170.25,4078.25
2023-02-10,4104.25,4060.75
2023-02-13,4150.75,4078.75
2023-02-14,4186.50,4103.75
2023-02-15,4161.75,4113.00
2023-02-16,4168.50,4095.00
2023-02-17,4096.00,4055.75
2023-02-21,4089.25,4002.00
2023-02-22,4025.00,3983.75
2023-02-23,4034.25,3974.25
2023-02-24,4023.25,3947.50
2023-02-27,4024.75,3973.00
2023-02-28,4003.75,3965.00
2023-03-01,3991.00,3943.00
2023-03-02,3995.25,3925.00
2023-03-03,4053.00,3974.00
2023-03-06,4082.50,4041.75
2023-03-07,4064.50,3982.50
2023-03-08,4003.25,3971.50
2023-03-09,4019.75,3909.50
2023-03-10,3941.75,3846.25
2023-03-13,3938.75,3808.75
2023-03-14,3938.00,3855.25
2023-03-15,3931.00,3834.00
2023-03-16,3966.50,3863.25
2023-03-17,3974.00,3923.00
2023-03-20,3989.50,3897.25
2023-03-21,4043.25,3981.75
2023-03-22,4073.75,3966.25
2023-03-23,4039.50,3948.50
2023-03-24,4010.75,3937.00
2023-03-27,4034.25,3997.50
2023-03-28,4023.75,3980.75
2023-03-29,4061.25,4006.00
2023-03-30,4087.75,4052.50
2023-03-31,4142.50,4078.00
2023-04-03,4157.75,4122.75
2023-04-04,4171.75,4115.25
2023-04-05,4135.50,4099.00
2023-04-06,4135.25,4096.50
2023-04-10,4143.00,4098.75
2023-04-11,4151.75,4128.75
2023-04-12,4177.75,4113.50
2023-04-13,4177.00,4110.25
2023-04-14,4189.00,4138.00
2023-04-17,4180.50,4148.00
2023-04-18,4198.25,4164.50
2023-04-19,4187.50,4150.50
2023-04-20,4173.50,4137.00
2023-04-21,4161.00,4135.25
2023-04-24,4164.25,4133.50
2023-04-25,4158.50,4091.50
2023-04-26,4116.25,4068.75
2023-04-27,4166.50,4080.75
2023-04-28,4193.75,4131.50
2023-05-01,4206.25,4178.50
2023-05-02,4191.50,4105.50
2023-05-03,4167.00,4095.00
2023-05-04,4118.00,4062.25
2023-05-05,4163.25,4076.75
2023-05-08,4161.00,4137.50
2023-05-09,4153.00,4131.00
2023-05-10,4173.25,4112.25
2023-05-11,4168.50,4121.50
2023-05-12,4164.50,4111.75
2023-05-15,4156.25,4123.00
2023-05-16,4151.50,4120.00
2023-05-17,4179.00,4122.00
2023-05-18,4215.75,4161.25
2023-05-19,4227.25,4191.50
2023-05-22,4221.75,4186.50
2023-05-23,4222.75,4153.00
2023-05-24,4166.25,4114.00
2023-05-25,4175.50,4131.50
2023-05-26,4221.25,4146.00
2023-05-30,4243.25,4200.00
2023-05-31,4217.75,4174.00
2023-06-01,4239.75,4178.00
2023-06-02,4297.75,4229.00
2023-06-05,4305.75,4273.00
2023-06-06,4294.75,4268.50
2023-06-07,4304.75,4269.25
2023-06-08,4302.50,4262.75
2023-06-09,4325.50,4284.00
2023-06-12,4346.50,4305.25
2023-06-13,4377.75,4335.75
2023-06-14,4394.75,4339.75
2023-06-15,4441.00,4350.00
2023-06-16,4453.35,4415.25
2023-06-20,4462.00,4410.50
2023-06-21,4438.50,4403.50
2023-06-22,4427.00,4393.00
2023-06-23,4426.25,4381.50
2023-06-26,4403.00,4368.50
2023-06-27,4424.75,4371.50
2023-06-28,4430.25,4399.25
2023-06-29,4438.00,4409.75
2023-06-30,4498.00,4433.00
2023-07-03,4494.00,4479.50
2023-07-05,4493.75,4466.25
2023-07-06,4483.50,4419.50
2023-07-07,4476.00,4431.50
2023-07-10,4448.25,4411.25
2023-07-11,4478.50,4439.00
2023-07-12,4523.75,4470.00
2023-07-13,4551.50,4509.25
2023-07-14,4560.50,4531.00
2023-07-17,4565.75,4528.00
2023-07-18,4594.50,4544.75
2023-07-19,4609.25,4582.25
2023-07-20,4594.25,4557.25
2023-07-21,4590.00,4561.75
2023-07-24,4592.50,4560.00
2023-07-25,4608.75,4579.25
2023-07-26,4610.75,4573.75
2023-07-27,4634.50,4553.75
2023-07-28,4616.50,4558.00
2023-07-31,4619.25,4595.25
2023-08-01,4621.75,4591.00
2023-08-02,4593.50,4527.75
2023-08-03,4547.50,4505.75
2023-08-04,4560.75,4493.75
2023-08-07,4541.75,4500.50
2023-08-08,4541.00,4482.00
2023-08-09,4536.25,4478.25
2023-08-10,4544.75,4473.50
2023-08-11,4496.25,4459.00
2023-08-14,4507.75,4465.00
2023-08-15,4517.75,4447.00
2023-08-16,4467.25,4417.00
2023-08-17,4436.75,4377.75
2023-08-18,4396.00,4350.00
2023-08-21,4421.00,4372.25
2023-08-22,4440.00,4394.25
2023-08-23,4476.25,4399.50
2023-08-24,4485.50,4378.50
2023-08-25,4429.00,4365.25
2023-08-28,4449.50,4414.50
2023-08-29,4509.50,4433.50
2023-08-30,4530.75,4496.25
2023-08-31,4541.25,4512.75
2023-09-01,4547.75,4507.25
2023-09-05,4531.25,4499.25
2023-09-06,4503.75,4447.00
2023-09-07,4471.75,4434.25
2023-09-08,4477.50,4443.00
2023-09-11,4493.50,4459.25
2023-09-12,4491.00,4458.75
2023-09-13,4481.00,4446.75
2023-09-14,4513.00,4470.25
2023-09-15,4517.75,4480.00
2023-09-18,4514.50,4487.00
2023-09-19,4509.50,4462.25
2023-09-20,4508.00,4443.25
2023-09-21,4447.00,4366.50
2023-09-22,4399.00,4357.25
2023-09-25,4383.50,4338.25
2023-09-26,4382.00,4305.50
2023-09-27,4336.50,4277.00
2023-09-28,4355.75,4301.00
2023-09-29,4371.25,4311.00
2023-10-02,4355.50,4295.50
2023-10-03,4335.75,4251.25
2023-10-04,4304.00,4235.50
2023-10-05,4302.00,4258.00
2023-10-06,4358.50,4242.25
2023-10-09,4375.75,4299.50
2023-10-10,4419.00,4366.25
2023-10-11,4419.75,4377.25
2023-10-12,4430.50,4355.50
2023-10-13,4407.75,4340.75
2023-10-16,4414.25,4354.50
2023-10-17,4423.25,4365.75
2023-10-18,4399.25,4330.75
2023-10-19,4366.50,4292.75
2023-10-20,4304.25,4243.50
2023-10-23,4280.75,4213.25
2023-10-24,4290.50,4242.00
2023-10-25,4273.50,4203.75
2023-10-26,4205.00,4146.25
2023-10-27,4185.00,4122.25
2023-10-30,4197.50,4143.50
2023-10-31,4215.00,4166.75
2023-11-01,4264.75,4191.25
2023-11-02,4339.75,4257.75
2023-11-03,4391.75,4325.50
2023-11-06,4389.50,4364.25
2023-11-07,4403.25,4366.00
2023-11-08,4407.75,4375.00
2023-11-09,4413.00,4357.75
2023-11-10,4435.50,4354.25
2023-11-13,4436.75,4407.25
2023-11-14,4524.25,4420.25
2023-11-15,4541.25,4510.75
2023-11-16,4529.50,4501.75
2023-11-17,4539.50,4512.75
2023-11-20,4571.00,4520.00
2023-11-21,4567.00,4536.75
2023-11-22,4580.50,4543.00
2023-11-23,4572.75,4562.00
2023-11-24,4574.00,4562.00
2023-11-27,4570.00,4552.00
2023-11-28,4577.25,4547.00
2023-11-29,4597.00,4555.50
2023-11-30,4579.50,4544.75
2023-12-01,4607.75,4562.50
2023-12-04,4604.50,4553.50
2023-12-05,4585.50,4555.50
2023-12-06,4598.50,4552.00
2023-12-07,4596.00,4548.75
2023-12-08,4613.75,4561.75
2023-12-11,4627.25,4599.50
2023-12-12,4649.75,4610.50
2023-12-13,4711.75,4645.00
2023-12-14,4739.25,4694.25
2023-12-15,4736.50,4694.27
2023-12-18,4802.25,4769.50
2023-12-19,4821.50,4787.75
2023-12-20,4830.75,4743.25
2023-12-21,4798.25,4751.00
2023-12-22,4821.75,4784.75
2023-12-26,4834.50,4800.25
2023-12-27,4836.50,4816.50
2023-12-28,4841.50,4828.00
2023-12-29,4841.00,4796.75
2024-01-02,4828.00,4765.50
2024-01-03,4790.75,4741.00
2024-01-04,4766.50,4727.00
2024-01-05,4760.25,4702.00
2024-01-08,4803.25,4715.25
2024-01-09,4804.00,4767.50
2024-01-10,4828.50,4786.00
2024-01-11,4838.00,4772.75
2024-01-12,4836.50,4791.50
2024-01-16,4823.00,4779.50
2024-01-17,4800.75,4746.25
2024-01-18,4817.00,4763.50
2024-01-19,4874.25,4808.50
2024-01-22,4898.25,4872.50
2024-01-23,4902.00,4874.25
2024-01-24,4933.25,4889.00
2024-01-25,4926.50,4893.25
2024-01-26,4934.25,4898.50
2024-01-29,4956.00,4901.75
2024-01-30,4957.25,4933.00
2024-01-31,4938.00,4866.00
2024-02-01,4963.75,4872.50
2024-02-02,4997.75,4925.75
2024-02-05,4980.75,4937.75
2024-02-06,4978.25,4954.50
2024-02-07,5020.00,4970.00
2024-02-08,5020.00,5003.75
2024-02-09,5048.50,5013.00
2024-02-12,5066.50,5031.50
2024-02-13,5040.00,4936.50
2024-02-14,5022.50,4968.75
2024-02-15,5051.75,5011.00
2024-02-16,5059.25,5012.75
2024-02-20,5029.50,4968.25
2024-02-21,5020.50,4959.00
2024-02-22,5107.75,5015.25
2024-02-23,5123.50,5092.00
2024-02-26,5108.00,5076.25
2024-02-27,5093.00,5067.00
2024-02-28,5091.25,5063.25
2024-02-29,5114.50,5060.00
2024-03-01,5149.25,5089.25
2024-03-04,5157.75,5132.00
2024-03-05,5135.50,5063.00
2024-03-06,5134.50,5083.75
2024-03-07,5170.50,5086.50
2024-03-08,5193.00,5121.75
2024-03-11,5133.25,5094.75
2024-03-12,5183.00,5112.75
2024-03-13,5183.75,5153.00
2024-03-14,5189.50,5124.25
2024-03-15,5167.00,5101.67
2024-03-18,5240.25,5181.75
2024-03-19,5244.75,5186.00
2024-03-20,5297.75,5233.00
2024-03-21,5322.75,5293.50
2024-03-22,5311.75,5287.75
2024-03-25,5295.00,5272.50
2024-03-26,5300.50,5263.00
2024-03-27,5313.75,5270.75
2024-03-28,5321.00,5301.00
2024-04-01,5333.50,5282.25
2024-04-02,5296.00,5235.00
2024-04-03,5280.75,5244.50
2024-04-04,5308.50,5192.50
2024-04-05,5272.50,5191.50
2024-04-08,5269.25,5236.50
2024-04-09,5274.25,5208.25
2024-04-10,5285.00,5176.50
2024-04-11,5257.50,5173.50
2024-04-12,5248.75,5150.00
2024-04-15,5213.25,5094.00
2024-04-16,5123.25,5078.75
2024-04-17,5120.50,5047.00
2024-04-18,5095.25,5038.50
2024-04-19,5058.00,4963.50
2024-04-22,5076.75,5006.00
2024-04-23,5113.50,5037.75
2024-04-24,5128.75,5072.25
2024-04-25,5132.75,5022.25
2024-04-26,5146.50,5104.50
2024-04-29,5154.25,5118.75
2024-04-30,5148.50,5051.00
2024-05-01,5126.75,5037.75
2024-05-02,5113.00,5036.25
2024-05-03,5166.75,5099.25
2024-05-06,5207.75,5155.75
2024-05-07,5226.75,5202.25
2024-05-08,5218.00,5188.75
2024-05-09,5244.75,5195.00
2024-05-10,5264.00,5232.75
2024-05-13,5264.00,5233.25
2024-05-14,5274.25,5216.75
2024-05-15,5337.25,5266.25
2024-05-16,5349.00,5315.50
2024-05-17,5328.75,5305.75
2024-05-20,5348.25,5323.75
2024-05-21,5347.50,5322.50
2024-05-22,5349.25,5306.75
2024-05-23,5368.25,5273.50
2024-05-24,5329.25,5285.75
2024-05-28,5339.00,5296.75
2024-05-29,5324.00,5268.25
2024-05-30,5277.00,5238.25
2024-05-31,5307.00,5205.50
2024-06-03,5313.25,5246.75
2024-06-04,5312.25,5262.00
2024-06-05,5368.25,5302.50
2024-06-06,5373.25,5345.25
2024-06-07,5385.50,5329.00
2024-06-10,5375.75,5338.25
2024-06-11,5386.25,5334.50
2024-06-12,5454.50,5380.00
2024-06-13,5452.75,5408.50
2024-06-14,5443.00,5397.75
2024-06-17,5494.00,5424.75
2024-06-18,5494.00,5473.50
2024-06-20,5518.50,5458.50
2024-06-21,5483.75,5460.50
2024-06-24,5558.50,5510.25
2024-06-25,5539.75,5511.00
2024-06-26,5551.75,5516.25
2024-06-27,5555.00,5515.75
2024-06-28,5585.00,5510.75
2024-07-01,5541.00,5504.50
2024-07-02,5569.75,5502.75
2024-07-03,5595.75,5559.75
2024-07-05,5626.00,5585.00
2024-07-08,5637.50,5610.75
2024-07-09,5645.75,5626.25
2024-07-10,5690.50,5630.75
2024-07-11,5707.75,5630.00
2024-07-12,5708.25,5621.25
2024-07-15,5718.75,5665.50
2024-07-16,5721.25,5673.00
2024-07-17,5717.75,5631.75
2024-07-18,5664.00,5570.25
2024-07-19,5607.50,5542.00
2024-07-22,5616.00,5553.50
2024-07-23,5629.75,5587.75
2024-07-24,5585.00,5462.00
2024-07-25,5533.25,5432.50
2024-07-26,5528.25,5445.25
2024-07-29,5534.50,5481.00
2024-07-30,5527.50,5433.00
2024-07-31,5588.50,5451.50
2024-08-01,5600.75,5444.75
2024-08-02,5473.25,5331.75
2024-08-05,5345.50,5120.00
2024-08-06,5342.00,5221.75
2024-08-07,5359.25,5196.75
2024-08-08,5361.00,5182.00
2024-08-09,5385.25,5319.50
2024-08-12,5396.75,5347.75
2024-08-13,5461.25,5367.50
2024-08-14,5487.75,5438.75
2024-08-15,5571.75,5471.75
2024-08-16,5586.25,5536.50
2024-08-19,5631.75,5565.25
2024-08-20,5643.75,5607.75
2024-08-21,5655.25,5613.50
2024-08-22,5665.25,5582.75
2024-08-23,5662.25,5597.75
2024-08-26,5669.00,5619.75
2024-08-27,5649.50,5611.50
2024-08-28,5650.50,5576.00
2024-08-29,5663.75,5561.25
2024-08-30,5665.00,5594.25
2024-09-03,5669.75,5516.75
2024-09-04,5565.00,5506.75
2024-09-05,5557.25,5490.00
2024-09-06,5532.50,5394.00
2024-09-09,5493.00,5405.25
2024-09-10,5506.00,5448.25
2024-09-11,5567.50,5412.00
2024-09-12,5607.00,5540.25
2024-09-13,5641.50,5597.25
2024-09-16,5641.50,5609.25
2024-09-17,5675.50,5617.00
2024-09-18,5696.25,5613.75
2024-09-19,5737.50,5631.50
2024-09-20,5717.25,5699.25
2024-09-23,5784.50,5745.25
2024-09-24,5794.25,5754.75
2024-09-25,5798.75,5768.00
2024-09-26,5830.00,5778.25
2024-09-27,5821.50,5782.00
2024-09-30,5820.25,5756.25
2024-10-01,5822.50,5733.00
2024-10-02,5773.25,5724.00
2024-10-03,5772.75,5725.75
2024-10-04,5804.75,5741.00
2024-10-07,5808.00,5734.25
2024-10-08,5806.75,5725.25
2024-10-09,5846.50,5780.75
2024-10-10,5844.00,5811.50
2024-10-11,5868.25,5816.00
2024-10-14,5918.50,5850.00
2024-10-15,5915.50,5850.00
2024-10-16,5892.75,5853.25
2024-10-17,5927.25,5871.25
2024-10-18,5915.50,5876.25
2024-10-21,5915.50,5865.00
2024-10-22,5904.25,5861.25
2024-10-23,5893.75,5801.00
2024-10-24,5870.00,5822.50
2024-10-25,5900.75,5835.00
2024-10-28,5884.50,5857.00
2024-10-29,5883.75,5837.50
2024-10-30,5893.00,5840.25
2024-10-31,5844.00,5733.25
2024-11-01,5803.75,5732.50
2024-11-04,5776.50,5724.25
2024-11-05,5823.25,5735.00
2024-11-06,5967.00,5814.75
2024-11-07,6013.00,5951.00
2024-11-08,6040.50,5990.25
2024-11-11,6053.25,6013.50
2024-11-12,6036.50,5986.75
2024-11-13,6035.25,5991.75
2024-11-14,6025.25,5964.25
2024-11-15,5974.25,5876.75
2024-11-18,5933.00,5886.50
2024-11-19,5947.50,5855.00
2024-11-20,5957.75,5880.00
2024-11-21,5985.00,5905.25
2024-11-22,5993.50,5940.75
2024-11-25,6040.00,5982.50
2024-11-26,6044.00,5976.25
2024-11-27,6047.00,6000.25
2024-11-29,6060.00,6014.75
2024-12-02,6068.50,6036.00
2024-12-03,6070.75,6047.50
2024-12-04,6102.25,6063.00
2024-12-05,6107.25,6081.50
2024-12-06,6111.00,6076.00
2024-12-09,6105.75,6060.00
2024-12-10,6075.25,6039.75
2024-12-11,6102.50,6045.50
2024-12-12,6088.25,6055.50
2024-12-13,6085.25,6041.25
2024-12-16,6090.50,6051.50
2024-12-17,6079.25,6040.75
2024-12-18,6074.50,5840.00
2024-12-19,5938.00,5865.50
2024-12-20,5879.50,5800.75
2024-12-23,6043.00,5965.00
2024-12-24,6099.50,6030.00
2024-12-26,6107.50,6063.25
2024-12-27,6095.25,5982.75
2024-12-30,6036.25,5918.25
2024-12-31,5983.25,5917.25
2025-01-02,5995.25,5874.75
2025-01-03,5996.75,5911.25
2025-01-06,6068.25,5980.75
2025-01-07,6045.50,5935.00
2025-01-08,5975.00,5917.00
2025-01-09,5957.00,5929.25
2025-01-10,5959.25,5845.25
2025-01-13,5883.25,5809.00
2025-01-14,5918.50,5842.50
2025-01-15,6001.25,5879.50
2025-01-16,6017.50,5961.75
2025-01-17,6051.50,5968.00
2025-01-21,6093.25,5994.50
2025-01-22,6135.75,6087.00
2025-01-23,6154.00,6101.50
2025-01-24,6162.25,6122.00
2025-01-27,6105.25,5948.00
2025-01-28,6105.50,6023.50
2025-01-29,6111.50,6042.25
2025-01-30,6116.25,6056.50
2025-01-31,6147.75,6057.75
2025-02-03,6062.00,5935.50
2025-02-04,6069.00,5987.00
2025-02-05,6092.00,6020.25
2025-02-06,6108.50,6070.00
2025-02-07,6123.25,6041.25
2025-02-10,6096.00,6014.00
2025-02-11,6098.75,6057.75
2025-02-12,6098.00,6020.75
2025-02-13,6138.00,6053.50
2025-02-14,6146.75,6121.25
2025-02-18,6157.75,6118.25
2025-02-19,6166.50,6129.25
2025-02-20,6159.50,6102.75
2025-02-21,6142.50,6024.50
2025-02-24,6067.50,5994.50
2025-02-25,6016.00,5924.00
2025-02-26,6023.75,5945.50
2025-02-27,6014.50,5873.00
2025-02-28,5971.00,5848.00
2025-03-03,6000.50,5821.75
2025-03-04,5884.00,5744.00
2025-03-05,5869.50,5750.75
2025-03-06,5853.50,5720.00
2025-03-07,5791.00,5673.00
2025-03-10,5757.75,5571.50
2025-03-11,5651.75,5534.00
2025-03-12,5675.00,5550.25
2025-03-13,5623.00,5509.25
2025-03-14,5648.75,5538.75
2025-03-17,5707.50,5599.00
2025-03-18,5686.25,5600.00
2025-03-19,5718.50,5606.25
2025-03-20,5714.25,5631.50
2025-03-21,5674.25,5597.50
2025-03-24,5825.50,5739.00
2025-03-25,5837.25,5802.25
2025-03-26,5836.50,5743.00
2025-03-27,5779.75,5720.00
2025-03-28,5747.75,5602.25
2025-03-31,5672.75,5533.75
2025-04-01,5694.75,5600.25
2025-04-02,5773.25,5566.25
2025-04-03,5564.75,5415.25
2025-04-04,5435.00,5074.00
2025-04-07,5286.50,4832.00
2025-04-08,5305.25,4940.50
2025-04-09,5520.00,4871.75
2025-04-10,5528.75,5146.75
2025-04-11,5418.25,5206.00
2025-04-14,5497.75,5391.00
2025-04-15,5485.00,5413.00
2025-04-16,5425.00,5251.00
2025-04-17,5371.25,5285.50
2025-04-21,5306.75,5127.25
2025-04-22,5339.25,5171.75
2025-04-23,5499.75,5377.75
2025-04-24,5541.50,5355.25
2025-04-25,5562.25,5480.25
2025-04-28,5578.75,5492.00
2025-04-29,5597.25,5521.50
2025-04-30,5626.25,5455.50
2025-05-01,5682.50,5601.75
2025-05-02,5724.75,5601.00
2025-05-05,5706.25,5655.25
2025-05-06,5673.25,5605.00
2025-05-07,5689.75,5596.00
2025-05-08,5741.00,5636.50
2025-05-09,5715.25,5662.50
2025-05-12,5876.25,5734.25
2025-05-13,5927.00,5835.75
2025-05-14,5925.00,5890.00
2025-05-15,5944.50,5867.00
2025-05-16,5977.50,5923.00
2025-05-19,5987.50,5892.75
2025-05-20,5993.50,5926.75
2025-05-21,5958.25,5847.75
2025-05-22,5895.00,5828.75
2025-05-23,5872.00,5756.50
2025-05-27,5941.75,5813.00
2025-05-28,5952.50,5890.00
2025-05-29,6008.00,5884.00
2025-05-30,5932.75,5853.25
2025-06-02,5955.50,5867.50
2025-06-03,5991.25,5909.25
2025-06-04,5999.00,5974.00
2025-06-05,6016.50,5928.75
2025-06-06,6025.00,5930.00
2025-06-09,6027.75,5992.25
2025-06-10,6049.50,5991.25
2025-06-11,6074.75,6006.25
2025-06-12,6051.25,5987.75
2025-06-13,6045.00,5927.50
2025-06-16,6055.25,5944.00
2025-06-17,6040.50,5976.75
2025-06-18,6020.75,5964.75
2025-06-20,6019.25,5918.25
2025-06-23,6081.50,5959.00
2025-06-24,6155.25,6075.25
2025-06-25,6160.25,6130.75
2025-06-26,6200.00,6141.25
2025-06-27,6239.00,6183.25
2025-06-30,6265.50,6223.25
2025-07-01,6261.50,6227.25
2025-07-02,6279.50,6235.50
2025-07-03,6333.25,6270.50
2025-07-04,6322.75,6276.50
2025-07-07,6315.00,6246.25
2025-07-08,6289.00,6254.50
2025-07-09,6315.25,6260.00
2025-07-10,6335.50,6287.50
2025-07-11,6330.25,6276.75
2025-07-14,6315.00,6259.75
2025-07-15,6343.00,6272.50
2025-07-16,6308.75,6241.00
2025-07-17,6345.50,6288.25
2025-07-18,6357.00,6323.25
2025-07-21,6374.00,6329.75
2025-07-22,6353.75,6318.75
2025-07-23,6407.25,6342.75
2025-07-24,6418.25,6391.50
2025-07-25,6431.00,6401.00
2025-07-28,6457.75,6408.75
2025-07-29,6442.50,6396.25
2025-07-30,6435.25,6366.75
2025-07-31,6468.50,6357.50
2025-08-01,6373.50,6239.50
2025-08-04,6370.00,6251.25
2025-08-05,6377.50,6315.50
2025-08-06,6379.50,6313.25
2025-08-07,6426.75,6334.50
2025-08-08,6425.75,6369.25
2025-08-11,6431.50,6387.50
2025-08-12,6470.00,6391.25
2025-08-13,6502.50,6461.00
2025-08-14,6496.00,6453.25
2025-08-15,6508.75,6461.50
2025-08-18,6484.25,6456.00
2025-08-19,6477.50,6419.25
2025-08-20,6438.00,6362.75
2025-08-21,6419.00,6370.25
2025-08-22,6496.25,6364.00
2025-08-25,6494.00,6453.00
2025-08-26,6487.50,6430.75
2025-08-27,6505.50,6459.25
2025-08-28,6523.00,6471.00
2025-08-29,6518.00,6455.50
2025-09-02,6491.50,6371.75
2025-09-03,6464.25,6425.50
2025-09-04,6516.75,6454.50
2025-09-05,6541.75,6452.00
2025-09-08,6516.50,6480.25
2025-09-09,6536.25,6489.25
2025-09-10,6565.25,6522.50
2025-09-11,6600.00,6535.50
2025-09-12,6606.00,6576.00
2025-09-15,6623.50,6585.25
2025-09-16,6639.00,6604.25
2025-09-17,6629.00,6554.00
2025-09-18,6662.00,6605.75
2025-09-19,6660.75,6622.75
2025-09-22,6756.75,6695.25
2025-09-23,6756.50,6701.75
2025-09-24,6728.75,6678.00
2025-09-25,6705.25,6624.25
2025-09-26,6703.75,6653.25
2025-09-29,6736.00,6696.25
2025-09-30,6743.50,6693.00
2025-10-01,6769.50,6680.00
2025-10-02,6782.25,6741.50
2025-10-03,6800.00,6754.00
2025-10-06,6797.75,6766.50
2025-10-07,6802.75,6747.25
2025-10-08,6807.75,6758.25
2025-10-09,6812.25,6760.75
2025-10-10,6806.50,6540.25
2025-10-13,6711.50,6632.00
2025-10-14,6722.50,6593.25
2025-10-15,6766.75,6651.50
2025-10-16,6750.50,6632.00
2025-10-17,6718.00,6571.25
2025-10-20,6783.00,6694.00
2025-10-21,6789.75,6759.25
2025-10-22,6788.75,6690.75
2025-10-23,6785.75,6717.50
2025-10-24,6841.25,6776.50
2025-10-27,6916.25,6865.75
2025-10-28,6944.75,6901.50
2025-10-29,6952.00,6882.25
2025-10-30,6953.75,6851.00
2025-10-31,6918.50,6843.50
2025-11-03,6909.50,6849.50
2025-11-04,6884.00,6786.25
2025-11-05,6857.75,6748.50
2025-11-06,6843.50,6733.50
2025-11-07,6772.00,6655.50
2025-11-10,6865.75,6772.00
2025-11-11,6880.00,6830.50
2025-11-12,6900.50,6852.00
2025-11-13,6892.50,6746.00
2025-11-14,6795.50,6670.50
2025-11-17,6801.50,6658.50
2025-11-18,6708.75,6594.00
2025-11-19,6709.00,6613.25
2025-11-20,6791.25,6550.50
2025-11-21,6677.50,6525.00
2025-11-24,6731.75,6625.00
2025-11-25,6792.50,6674.50
2025-11-26,6846.75,6778.25
2025-11-28,6863.75,6824.25
2025-12-01,6864.50,6802.00
2025-12-02,6863.50,6812.25
2025-12-03,6873.25,6817.50
2025-12-04,6880.75,6836.25
2025-12-05,6905.00,6856.75
2025-12-08,6893.75,6835.25
2025-12-09,6872.75,6844.00
2025-12-10,6908.00,6830.75
2025-12-11,6928.75,6817.50
2025-12-12,6915.50,6805.00
2025-12-15,6872.50,6806.25
2025-12-16,6833.75,6762.00
2025-12-17,6826.75,6723.75
2025-12-18,6818.50,6720.25
2025-12-19,6802.75,6768.00
2025-12-22,6936.25,6900.50
2025-12-23,6963.75,6913.25
2025-12-24,6988.00,6952.50
2025-12-26,6994.00,6969.00
2025-12-29,6984.75,6936.00
2025-12-30,6961.50,6940.75
2025-12-31,6951.50,6890.25
2026-01-02,6939.75,6866.75
2026-01-05,6963.50,6899.50
2026-01-06,6991.50,6931.00
2026-01-07,7006.75,6958.00
2026-01-08,6977.75,6935.25
2026-01-09,7017.50,6954.25
2026-01-12,7025.25,6950.00
2026-01-13,7036.25,6976.75
2026-01-14,7002.50,6923.25
2026-01-15,7017.25,6949.50
2026-01-16,7007.00,6960.50
2026-01-20,6935.00,6822.25
2026-01-21,6945.25,6814.50
2026-01-22,6969.00,6911.25
2026-01-23,6964.00,6924.75
2026-01-26,6995.50,6879.00
2026-01-27,7018.50,6972.00
2026-01-28,7043.00,6977.25
2026-01-29,7029.50,6898.25
2026-01-30,6995.00,6917.50
2026-02-02,7017.25,6864.50
2026-02-03,7027.25,6886.25
2026-02-04,6965.75,6862.50
2026-02-05,6935.25,6785.00
2026-02-06,6965.50,6751.50
2026-02-09,7000.50,6921.00
2026-02-10,7006.50,6957.00
2026-02-11,7011.50,6931.00
2026-02-12,6992.75,6842.00
2026-02-13,6897.75,6808.75
2026-02-17,6885.50,6791.00
2026-02-18,6925.75,6848.75
2026-02-19,6912.50,6847.75
2026-02-20,6931.50,6847.25
2026-02-23,6930.25,6832.75
2026-02-24,6912.75,6828.50
2026-02-25,6983.75,6892.25
2026-02-26,6970.75,6870.75
2026-02-27,6915.50,6841.50
2026-03-02,6911.25,6768.50
2026-03-03,6886.00,6718.75
2026-03-04,6894.00,6773.50
2026-03-05,6900.75,6777.00
2026-03-06,6854.00,6715.75
2026-03-09,6818.50,6584.50
2026-03-10,6852.00,6762.50
2026-03-11,6822.50,6749.75
2026-03-12,6769.50,6671.75
2026-03-13,6737.50,6625.00
2026-03-16,6734.25,6608.50
2026-03-17,6757.50,6665.25
2026-03-18,6762.25,6604.00
2026-03-19,6644.50,6561.75
2026-03-20,6635.00,6558.00
2026-03-23,6748.00,6483.50
2026-03-24,6680.50,6573.50
2026-03-25,6684.75,6616.50
2026-03-26,6647.00,6517.00
2026-03-27,6568.50,6389.00
2026-03-30,6481.75,6359.50
2026-03-31,6583.25,6353.25
2026-04-01,6653.75,6561.00
2026-04-02,6644.50,6503.75
2026-04-06,6661.00,6567.00
2026-04-07,6673.50,6572.75
2026-04-08,6847.25,6652.25
2026-04-09,6876.00,6792.50
2026-04-10,6888.00,6846.25
2026-04-13,6928.25,6767.00
2026-04-14,7008.00,6920.25
2026-04-15,7064.50,6991.75
2026-04-16,7089.00,7046.50
2026-04-17,7185.75,7075.25
2026-04-20,7160.50,7085.00
2026-04-21,7183.00,7085.00
2026-04-22,7173.00,7121.25
2026-04-23,7181.50,7079.25
2026-04-24,7200.50,7135.50
2026-04-27,7211.25,7171.50
2026-04-28,7223.25,7146.25
2026-04-29,7190.75,7131.25
2026-04-30,7253.50,7133.75
2026-05-01,7300.75,7240.75
2026-05-04,7279.75,7199.50
2026-05-05,7304.25,7223.75
2026-05-06,7395.75,7293.50
2026-05-07,7410.50,7345.50
2026-05-08,7427.75,7336.25
2026-05-11,7454.75,7390.50
2026-05-12,7443.75,7363.25
2026-05-13,7483.75,7399.00
2026-05-14,7540.00,7471.00
2026-05-15,7528.25,7409.25
2026-05-18,7454.25,7373.50
2026-05-19,7440.75,7354.25
2026-05-20,7458.00,7356.00
2026-05-21,7486.75,7407.50
2026-05-22,7524.00,7466.75
2026-05-26,7569.75,7517.00
2026-05-27,7570.75,7515.00
2026-05-28,7590.75,7505.75
2026-05-29,7611.50,7572.75
2026-06-01,7632.25,7576.25
2026-06-02,7632.00,7576.50
2026-06-03,7628.50,7541.75
2026-06-04,7611.50,7524.50
2026-06-05,7591.00,7359.00
2026-06-08,7476.75,7355.50
2026-06-09,7491.00,7247.25
2026-06-10,7404.75,7256.00
2026-06-11,7420.00,7232.25
2026-06-12,7461.75,7366.50
2026-06-15,7584.50,7480.00
2026-06-16,7570.50,7509.75
2026-06-17,7544.50,7405.00
2026-06-18,7514.50,7436.25
2026-06-22,7599.25,7513.00
2026-06-23,7549.50,7415.25
2026-06-24,7496.50,7404.25
2026-06-25,7496.00,7390.50
2026-06-26,7459.50,7357.25
2026-06-29,7505.00,7398.00
2026-06-30,7567.75,7481.75
2026-07-01,7579.00,7505.75
2026-07-02,7593.75,7479.50
2026-07-06,7602.50,7538.25
2026-07-07,7601.25,7529.50
2026-07-08,7563.00,7468.50
2026-07-09,7595.00,7516.25
2026-07-10,7628.75,7552.75
2026-07-13,7615.25,7547.25
2026-07-14,7613.75,7531.50
2026-07-15,7626.25,7571.75
2026-07-16,7632.00,7548.25
2026-07-17,7575.00,7473.00
2026-07-20,7552.00,7476.75
2026-07-21,7554.00,7473.00
2026-07-22,7563.50,7504.00
2026-07-23,7549.50,7411.75
2026-07-24,7496.50,7431.50
2026-07-27,7524.75,7416.25
2026-07-28,7485.75,7417.00
2026-07-29,7501.00,7324.00
2026-07-30,7498.00,7331.00
2026-07-31,7541.00,7427.50
2026-08-03,7637.75,7542.75
2026-08-04,7786.00,7629.00
2026-08-05,7820.25,7745.75
2026-08-06,7770.75,7724.25
